,Unnamed: 0,batch_size,neurons,dropout,filter_size,kernel_size,stride,test_loss,test_accuracy,val_loss,val_accuracy,precision,recall,f1_score
62,62,300,500,0.2,64,8,4,0.1806754022836685,0.928165078163147,0.2916325032711029,0.8766620755195618,0.9278303147815308,0.9264829141586074,0.9270784829311128
